id,split,cluster,category,difficulty,query,context,constraints,expected_domain_expert,expected_perspectives,evaluation_tags,rubric_must_cover,rubric_desirable,should_consider_risks,should_show_tradeoffs,should_propose_alternatives,should_include_steps,should_include_metrics,should_acknowledge_uncertainty,reference_outline,notes_for_evaluators,expected_single_model_failure_modes
CMM-001,pilot,strategy_governance,strategy,easy,Как университету повысить вовлечённость студентов в учебный процесс?,"Региональный вуз. Бюджет ограничен. Обучение проходит в гибридном формате. Преподаватели перегружены, а посещаемость и активность падают.","Нельзя нанимать много новых сотрудников | Изменения должны стартовать в течение одного семестра | Нужно учитывать и онлайн, и офлайн взаимодействие",,strategy | user | risk | engineering,engagement | education | hybrid | budget | multi_stakeholder,вероятные причины низкой вовлечённости | 2-4 реалистичных интервенции | учёт ограниченного бюджета | учёт гибридного формата | метрики проверки эффекта,приоритизация мер | короткий план запуска пилота | механизм обратной связи от студентов,True,True,True,True,True,False,"Разделить причины на академические, организационные и мотивационные. | Предложить недорогие меры: регулярная обратная связь, микроактивности, peer-support, понятные дедлайны. | Сделать отдельные решения для онлайн и офлайн взаимодействия. | Запустить пилот на одном факультете и сравнить посещаемость/активность до и после. | Отметить риски перегрузки преподавателей и формального участия студентов.",Хороший ответ не должен ограничиваться общими советами вроде 'сделать обучение интереснее'; нужны конкретные управленческие шаги и метрики.,общие советы без приоритизации | игнорирование бюджетных ограничений | слабая работа с рисками
CMM-002,benchmark,strategy_governance,urban_strategy,medium,"Как развивать туристический потенциал города так, чтобы не ухудшить качество жизни жителей?","Исторический малый город. Жители жалуются на шум, перегрузку центра и рост цен. У города ограниченный маркетинговый бюджет, но есть сильное культурное наследие.",Нельзя делать ставку только на массовый туризм | Нужно учитывать экологию и мнение жителей | Желателен поэтапный план на 1-2 года,,strategy | user | risk,tourism | city | stakeholders | sustainability | tradeoffs,"баланс интересов туристов и жителей | несколько направлений развития, а не одно решение | ограничения городской инфраструктуры | метрики успеха | риски перегрузки центра",сегментация туристов | распределение потоков по локациям | механизм участия жителей в принятии решений,True,True,True,True,True,False,"Сместить фокус с объёма трафика на качество и распределение туристических потоков. | Развивать маршруты и события вне перегруженного центра. | Синхронизировать маркетинг, транспорт, навигацию и правила использования общественных пространств. | Ввести метрики: загрузка локаций, удовлетворённость жителей, средний чек, сезонность. | Указать риски овертуризма, конфликта интересов и неравномерного распределения выгоды.","Сильный ответ показывает, что туризм — это не только маркетинг, но и управление нагрузкой на город.",односторонний маркетинговый уклон | игнорирование мнения жителей | нет метрик нагрузки
CMM-003,benchmark,strategy_governance,education_management,medium,Как университету снизить отчисляемость студентов первого курса?,Отчисляемость особенно высока у студентов из малых городов. Администрация хочет быстрые меры без серьёзной перестройки учебных планов.,Нельзя радикально менять учебный план | Важно не снизить академические требования | Нужны меры на уровень факультета и на уровень сервиса поддержки,Education,strategy | user | risk | domain,dropout | education | retention | support | equity,диагностика причин отчисления | поддержка адаптации первокурсников | меры раннего выявления риска | сохранение академических стандартов | показатели удержания,менторство | индивидуальные маршруты помощи | работа с расписанием и коммуникацией,True,True,True,True,True,False,"Выделить группы риска и причины: академический шок, бытовая адаптация, финансовый стресс, отсутствие поддержки. | Ввести систему ранних сигналов по посещаемости, заданиям и обращениям. | Запустить менторство и короткие адаптационные сервисы без смягчения требований. | Определить эскалацию: куратор, психологическая/академическая помощь, деканат. | Отслеживать удержание, академические долги, вовлечённость и обращаемость.","Важно, чтобы ответ не сводился к 'поддержать студентов'; нужны управляемые механизмы и сохранение стандартов.",слабая сегментация причин | нет системы раннего выявления | слишком мягкие и неопределённые меры
CMM-004,benchmark,strategy_governance,business_strategy,medium,Как стартапу выйти на новый рынок при ограниченном бюджете?,"B2B SaaS-продукт уже работает на одном рынке, но второй рынок отличается требованиями клиентов и ожиданиями по поддержке.",Нельзя одновременно разворачивать большие продажи и глубокую локализацию | Нужно выбрать приоритеты на первые 6 месяцев | Команда маленькая,,strategy | risk | user | engineering,go_to_market | startup | prioritization | budget | b2b,варианты стратегии выхода | критерии выбора сегмента | приоритизация на первые 6 месяцев | риски распыления ресурсов | метрики проверки гипотез,поэтапный GTM-план | минимальный набор локализации | обратная связь от первых клиентов,True,True,True,True,True,True,"Не выходить 'широко', а выбрать узкий сегмент и гипотезу ценности. | Разделить продуктовые, коммерческие и операционные адаптации по приоритету. | Сделать пилот с несколькими целевыми клиентами вместо масштабного запуска. | Измерять CAC, скорость цикла продаж, retention/activation, нагрузку на поддержку. | Указать риски распыления команды, неверной локализации и ложноположительных сигналов рынка.","Хороший ответ должен работать как реальный план выхода, а не как список банальных советов по маркетингу.",нет жёсткой приоритизации | переоценка возможностей команды | игнорирование продуктовых ограничений
CMM-005,benchmark,strategy_governance,public_services,medium,Как городской библиотеке повысить посещаемость и не превратиться просто в коворкинг?,"Посещаемость падает, молодёжь приходит редко, администрация города ждёт более заметной социальной пользы от библиотеки.",Бюджет на новые проекты небольшой | Нужно сохранить образовательную и культурную миссию | Изменения должны быть заметны в течение года,,strategy | user | risk,library | public_value | community | mission | culture,новые форматы привлечения аудитории | сохранение миссии библиотеки | сегментация целевых групп | показатели эффекта | ограничения бюджета,"партнёрства со школами/сообществами | программная сетка мероприятий | измерение не только посещаемости, но и пользы",True,True,True,True,True,False,"Развести функции пространства: чтение, обучение, сообщество, цифровая грамотность. | Предложить отдельные продукты для подростков, семей, старшего поколения. | Увязать мероприятия с миссией библиотеки, а не просто с привлечением трафика. | Считать не только посещаемость, но и повторные визиты, участие в программах, партнёрства. | Указать риск размывания миссии и перегрузки персонала.","Сильный ответ не противопоставляет 'посещаемость' и 'миссию', а ищет управляемый баланс.",поверхностный event-based подход | нет миссионного фильтра | нет сегментации аудитории
CMM-006,benchmark,strategy_governance,healthcare_strategy,hard,"Как городской больнице определить, какие цифровые сервисы внедрять в первую очередь?","Жалобы пациентов связаны с записью, очередями и непонятной навигацией. Бюджет на цифровизацию ограничен, а персонал опасается дополнительной нагрузки.",Нельзя внедрять сразу много систем | Нужно показать эффект для пациентов в обозримый срок | Нужно учитывать готовность персонала,Medicine,strategy | user | risk | engineering | domain,healthcare | prioritization | digital_services | patient_experience | change_management,критерии приоритизации сервисов | эффект для пациента и персонала | ограничения внедрения | метрики результата | риски неудачного внедрения,матрица quick wins vs complexity | учёт цифровой зрелости | пилотный запуск,True,True,True,True,True,True,"Оценивать сервисы по пациентской боли, сложности внедрения и зависимости от других систем. | Приоритетно рассмотреть запись, уведомления, прозрачность очередей, навигацию. | Не забыть про обучение персонала и интеграцию с существующими процессами. | Запустить пилот на одном отделении и смотреть NPS/ожидание/долю успешных записей. | Указать риск цифрового сопротивления и роста операционной нагрузки на старте.","Хороший ответ должен быть управленческим, а не просто перечислять 'нужные IT-функции'.",фокус только на пациентском UX | игнорирование операционных ограничений | нет критерия приоритизации
CMM-007,pilot,engineering_delivery,scalability,easy,Как масштабировать веб-приложение при росте числа пользователей в 10 раз?,"Стартап. Сейчас всё работает на простой архитектуре. Бюджет ограничен, downtime нежелателен.",Нельзя переписывать всё с нуля | Нужно разделить быстрые и долгосрочные меры | Команда разработки небольшая,,engineering | strategy | risk,scaling | architecture | startup | cost | operations,быстрые меры и долгосрочные меры | узкие места системы | учёт бюджета и команды | риски масштабирования | метрики/наблюдаемость,кэширование | очереди/асинхронность | план измерений под нагрузкой,True,True,True,True,True,False,"Сначала измерить, где узкое место: БД, CPU, сеть, внешние API. | Предложить quick wins: кэш, индексы, CDN, rate limiting, очереди. | Отдельно обозначить структурные изменения, если рост закрепится. | Указать риски преждевременной сложности и операционных сбоев. | Определить метрики latency, error rate, throughput и стоимость.",Сильный ответ не должен автоматически предлагать микросервисы без диагностики.,советы без диагностики узких мест | преждевременная сложность | мало операционных рисков
CMM-008,benchmark,engineering_delivery,architecture_decision,medium,Стоит ли переводить государственную сервисную платформу с монолита на микросервисы?,"Система критична для гражданских услуг. Команда поддержки жалуется на сложность релизов, но у организации ограничена DevOps-зрелость.",Нужно учитывать надёжность и сопровождение | Нельзя позволить длительную нестабильность сервиса | Решение должно быть обосновано поэтапно,,engineering | risk | strategy,monolith | microservices | government | reliability | ops,критерии принятия решения | плюсы и минусы обеих архитектур | зрелость команды и процессов | поэтапность перехода | риски миграции,вариант модульного монолита | декомпозиция по bounded contexts | операционные требования,True,True,True,True,False,True,"Не рассматривать миграцию как автоматическое улучшение; сначала описать проблемы релизов и границы доменов. | Сравнить монолит, модульный монолит и selective extraction. | Связать решение с observability, CI/CD, ownership и on-call-практиками. | Предложить постепенную эволюцию вместо big-bang миграции. | Подчеркнуть риски роста операционной сложности и снижения надёжности.","Ответ должен быть осторожным и инженерно обоснованным, а не трендовым.",трендовое обожествление микросервисов | нет альтернативы модульному монолиту | игнорирование зрелости эксплуатации
CMM-009,benchmark,engineering_delivery,service_design,medium,"Как внедрить AI-чатбота в службу поддержки университета так, чтобы не ухудшить качество помощи студентам?","Студенты часто спрашивают про расписание, справки и дедлайны. Сотрудники перегружены. Есть опасения по поводу конфиденциальности и неверных ответов.",Нельзя переводить все обращения только в чатбот | Нужен понятный маршрут эскалации к человеку | Нужна защита персональных данных,Education,engineering | user | risk | domain,chatbot | support | education | privacy | handoff,границы задач чатбота | маршрут эскалации к человеку | обработка ошибок и неопределённости | данные/конфиденциальность | критерии качества,база знаний | логирование проблемных кейсов | pilot scope,True,True,True,True,True,True,"Ограничить чатбот частыми и низкорисковыми запросами. | Сделать обязательную эскалацию для нестандартных и чувствительных кейсов. | Отдельно проработать актуальность базы знаний и аудит ошибочных ответов. | Минимизировать персональные данные и разграничить доступы. | Мерить deflection rate, CSAT, частоту эскалаций и процент неверных ответов.","Хороший ответ сочетает качество сервиса, безопасность и реалистичную роль человека в контуре.",слишком широкий scope чатбота | непроработанный handoff | слабая работа с ошибками модели
CMM-010,benchmark,engineering_delivery,migration,hard,Как мигрировать больничную информационную систему на новую платформу с минимальным риском остановки работы?,"Старая система устарела, но клиника не может позволить себе длительные простои. Есть интеграции с лабораториями, регистратурой и архивом.",Downtime должен быть минимальным | Нельзя потерять исторические данные | Нужно учесть обучение персонала,Medicine,engineering | risk | strategy | domain | user,migration | healthcare | integrations | downtime | change_management,этапность миграции | данные и интеграции | план отката/резервирования | обучение пользователей | риски остановки клинических процессов,пилот на отдельном контуре | двойной контур/parallel run | контроль качества данных,True,True,True,True,False,True,"Инвентаризировать критические процессы, интеграции и данные. | Разделить миграцию на волны и предусмотреть parallel run там, где возможно. | Сделать критерии готовности, тесты целостности данных и план отката. | Подготовить персонал и режим усиленной поддержки на переходе. | Указать клинические и операционные риски, если миграция пойдёт по big-bang сценарию.","Нужен именно план снижения риска, а не общее описание миграции.",нет rollback/parallel run | недооценка обучения персонала | слабое внимание к данным и интеграциям
CMM-011,benchmark,engineering_delivery,public_tech,medium,"Как переработать систему оплаты проезда в городе так, чтобы она была удобной и работала даже при нестабильном интернете?","Часть пассажиров пользуется смартфонами, часть — картами и наличными. Транспорт работает в районах с плохой связью.",Нельзя исключить цифрово уязвимые группы | Система должна быть понятной водителям и пассажирам | Важно не повысить число сбоев при оплате,,engineering | user | risk | strategy,payments | transport | offline | accessibility | public_service,мультиканальность оплаты | offline/poor connectivity | учёт разных групп пассажиров | риски отказов и мошенничества | операционная реализуемость,переходный период | простые пользовательские сценарии | метрики успешной оплаты и жалоб,True,True,True,True,True,False,"Сохранять несколько способов оплаты и не делать смартфон единственной точкой входа. | Продумать offline-first валидацию и последующую синхронизацию. | Упростить тарифную и сценарную логику для пассажиров и водителей. | Учитывать риск сбоев, очередей при посадке и исключения для льготных категорий. | Измерять процент успешных транзакций, время посадки, число жалоб и инцидентов.","Сильный ответ должен учитывать и техническую, и социальную доступность.",игнорирование offline режима | узкий фокус на mobile-app | слабое внимание к доступности
CMM-012,benchmark,engineering_delivery,incident_response,hard,Как школе или колледжу выстроить реагирование на ransomware-инцидент?,"ИТ-отдел маленький, часть систем устарела, а организация хранит чувствительные данные студентов и сотрудников.","Нужны меры до, во время и после инцидента | Нельзя полагаться только на покупку нового софта | Нужно учитывать человеческий фактор",Security,risk | engineering | strategy | domain | user,security | ransomware | education | incident_response | resilience,подготовка и профилактика | реагирование в первые часы | резервное восстановление/continuity | коммуникация | уроки после инцидента,таблица ролей и ответственности | backup drills | сегментация сети,True,False,False,True,False,False,"Сделать подготовительный блок: бэкапы, MFA, обучение, инвентаризация, ответственные роли. | Во время инцидента — изоляция, фиксация, коммуникация, приоритизация критичных сервисов. | Отдельно описать восстановление из резервов и проверку целостности. | Учесть правовые и репутационные аспекты уведомления. | После — postmortem, устранение причин и тренировки.",Ответ должен быть многоэтапным; голая рекомендация 'сделать резервные копии' недостаточна.,фокус только на технике без коммуникации | нет различия до/во время/после | слабая организационная часть
CMM-013,pilot,product_user,product_ux,easy,"Как улучшить UX мобильного приложения банка, если пользователи жалуются на сложность интерфейса?","Частые жалобы на навигацию, перегруженные экраны и непонятные действия в платежах.",Нельзя полностью перестраивать приложение за один релиз | Нужно снизить число ошибок пользователей | Важно не ухудшить безопасность,Finance,user | risk | engineering | domain,ux | banking | mobile | simplicity | safety,ключевые UX-проблемы | приоритизация улучшений | связь UX и безопасности | метрики улучшения | реалистичность по релизам,исследование пользовательских сценариев | снижение когнитивной нагрузки | прототипирование/тестирование,True,True,True,True,True,False,"Сфокусироваться на ключевых сценариях: вход, перевод, шаблоны, подтверждение. | Сократить перегрузку экранов и сделать состояние/следующий шаг очевидными. | Не жертвовать антифрод и подтверждением операций ради 'простоты'. | Проверять изменения через task success rate, время выполнения и число ошибок. | Катить улучшения поэтапно, начиная с самых частых операций.","Хороший ответ не противопоставляет удобство и безопасность, а управляет этим конфликтом.",общие UX-клише | игнорирование безопасности | нет приоритизации сценариев
CMM-014,benchmark,product_user,product_adoption,medium,Как повысить использование корпоративной LMS сотрудниками компании?,"Платформа существует, но сотрудники заходят туда только по принуждению. Руководство хочет реального эффекта, а не формальной посещаемости.",Нельзя просто обязать всех проходить больше курсов | Нужно учитывать разные роли сотрудников | Важно показать ценность для бизнеса и для людей,Education,user | strategy | risk | domain,lms | adoption | corporate_learning | motivation | measurement,"причины низкого adoption | меры по ценности, а не по принуждению | сегментация пользователей | метрики вовлечения и результата | риски формального использования",персонализация | встраивание обучения в рабочий поток | поддержка менеджеров,True,True,True,True,True,False,"Разделить аудитории и причины низкого использования: нет пользы, нет времени, неудобный формат. | Связать контент с реальными задачами ролей и карьерным ростом. | Сделать короткие форматы, рекомендации и поддержку менеджеров. | Измерять completion, повторные заходы, применение навыков, а не только клики. | Указать риск превращения обучения в формальную обязаловку.","Нужен ответ про изменение поведения, а не просто про интерфейс LMS.",делает ставку только на геймификацию | нет бизнес-метрик | нет сегментации ролей
CMM-015,benchmark,product_user,service_ux,medium,"Как улучшить запись пациентов в поликлинике, чтобы сократить очереди и путаницу?","Пациенты жалуются на сложную запись, а сотрудники регистратуры — на хаос в расписании и постоянные звонки.",Нужно учитывать пожилых пациентов и людей без цифровых навыков | Нельзя просто закрыть запись по телефону | Важно не перегрузить врачей,Medicine,user | engineering | risk | domain | strategy,healthcare | appointment | service_design | accessibility | operations,сценарии записи для разных групп | баланс каналов записи | операционные ограничения врачей/регистратуры | риски no-show и путаницы | метрики улучшения,подтверждения и напоминания | триаж/маршрутизация | простая информационная архитектура,True,True,True,True,True,False,"Перестроить запись вокруг понятных сценариев и типов обращений. | Сохранить несколько каналов: телефон, офлайн, digital, но синхронизировать правила. | Добавить напоминания, подтверждения и корректную маршрутизацию. | Учесть перегрузку слотов, no-show и уязвимые группы пациентов. | Мерить время записи, число ошибок, no-show rate и жалобы.",Сильный ответ должен учитывать одновременно UX и операционную реальность медорганизации.,фокус только на приложении | игнорирование пожилых пациентов | нет связи с расписанием врачей
CMM-016,benchmark,product_user,work_policy,medium,"Как внедрить гибридный формат работы в компании, где команды конфликтуют из-за правил присутствия в офисе?","Часть команд хочет свободы, часть — синхронности и личного взаимодействия. Руководство боится падения координации и несправедливости.",Нельзя установить одинаковое правило для всех функций | Нужны понятные и воспринимаемые как честные правила | Важно сохранить продуктивность и культуру взаимодействия,,strategy | user | risk,hybrid_work | policy | fairness | coordination | culture,"разные типы ролей/команд | критерии, а не только жёсткое правило | риски несправедливости и потери координации | механизм пересмотра правил | метрики/сигналы",принципы принятия исключений | core collaboration windows | менеджерская ответственность,True,True,True,True,True,True,"Определить, какие задачи требуют синхронности/офиса, а какие нет. | Установить рамочные принципы и допустимые вариации по функциям. | Ввести правила совместных дней, ожиданий по доступности и критериям исключений. | Отслеживать продуктивность, удовлетворённость, attrition и координационные сбои. | Указать риск восприятия политики как несправедливой.",Хороший ответ должен избегать универсального правила '2-3 дня всем'.,слишком общая политика для всех | нет критериев исключений | игнорирование справедливости восприятия
CMM-017,benchmark,product_user,school_safety,hard,"Как выстроить цифровую систему сообщений о буллинге в школе так, чтобы она реально помогала, а не превращалась в формальность?","Школа хочет дать ученикам безопасный канал обращения, но боится ложных сообщений, утечек и отсутствия доверия к процессу.",Нужно продумать анонимность и верификацию | Важно не ограничиться одним техническим каналом | Нужен маршрут сопровождения случая,Education,user | risk | strategy | domain | engineering,bullying | school | reporting | trust | safeguarding,безопасный канал сообщения | процесс обработки случая | доверие и конфиденциальность | риски ложных и неподтверждённых сообщений | роль взрослых/психологов,альтернативные офлайн каналы | SLA на реакцию | информирование о статусе обращения,True,True,True,True,False,False,"Проектировать не только форму подачи, но и процесс ответа школы. | Сбалансировать анонимность, защиту данных и минимальную верификацию. | Добавить офлайн каналы и доверенных взрослых, а не только 'кнопку в приложении'. | Сделать понятные статусы, сроки реагирования и escalation path. | Указать риск вторичной травматизации и потери доверия при слабой обработке.","Ответ должен быть про safeguarding-процесс, а не просто про интерфейс кнопки.",техноцентричное решение без процесса | нет маршрута поддержки | слабая проработка доверия
CMM-018,benchmark,product_user,accessibility,medium,"Как переработать городской портал услуг так, чтобы он стал реально доступным для людей с разными ограничениями?","На портал жалуются люди с нарушениями зрения, пожилые пользователи и те, кто плохо понимает бюрократический язык.","Нужно учитывать и техническую доступность, и понятность контента | Нельзя переписать все сервисы сразу | Важно выбрать приоритеты",,user | engineering | strategy | risk,accessibility | govtech | content | inclusion | prioritization,техническая доступность | понятность языка/сценариев | приоритизация сервисов | учёт разных групп пользователей | метрики/проверка,аудит критичных пользовательских путей | plain language | тестирование с реальными пользователями,True,True,False,True,True,False,"Начать с аудита критичных сценариев, а не со всего портала сразу. | Комбинировать WCAG/технические требования с упрощением языка и формы. | Приоритизировать сервисы с наибольшей социальной значимостью и частотой использования. | Проверять решения на реальных пользователях разных групп. | Указать риск 'галочной доступности' без фактической понятности.","Сильный ответ связывает accessibility, content design и приоритизацию.",сведение темы только к WCAG | отсутствие приоритизации | нет реальных пользователей в валидации
CMM-019,pilot,education_social,online_learning,easy,"Как сделать онлайн-курс более эффективным, если студенты часто бросают его на середине?","Курс асинхронный, задания длинные, обратная связь редкая. Команда курса не может резко увеличить объём ручной проверки.",Нужно учитывать ограниченность команды | Нельзя просто 'сделать курс короче' без перестройки логики | Важно сохранить качество обучения,Education,user | strategy | risk | domain,course | completion | education | feedback | design,причины низкой доходимости | структурные изменения курса | обратная связь без резкого роста ручной нагрузки | метрики | риски перегрузки,chunking | checkpoint-ы | peer/self assessment,True,True,True,True,True,False,"Разделить причины отвалов: мотивация, перегрузка, неясность, отсутствие ритма. | Изменить структуру на короткие модули и промежуточные checkpoints. | Добавить быструю, масштабируемую обратную связь. | Мерить completion, время до отвала, активность и качество выполнения. | Учесть риск снижения глубины обучения при избыточном упрощении.","Нужна именно логика обучения, а не только советы по мотивации.",советы про 'мотивацию' без дизайна курса | нет масштабируемой обратной связи | нет баланса глубины и простоты
CMM-020,benchmark,education_social,wellbeing,medium,Как компании снизить уровень выгорания сотрудников без популистских мер?,"IT-компания. Высокая нагрузка, много срочных задач, есть недоверие к инициативам HR. Руководство хочет реального эффекта.",Нельзя ограничиться вебинарами и 'днем йоги' | Нужно учитывать менеджерские практики и организационную нагрузку | Важно не разрушить темп бизнеса,,risk | strategy | user,burnout | organization | management | wellbeing | operations,организационные причины выгорания | меры на уровне системы и менеджмента | реалистичные изменения процессов | метрики | риски псевдо-мер,workload review | приоритизация | ретроспективы и сигналы раннего риска,True,True,True,True,True,False,"Связать выгорание с перегрузкой, хаотичной приоритизацией, плохими ожиданиями и нехваткой восстановления. | Предложить изменения в планировании, управлении срочностью и роли менеджеров. | Добавить меры мониторинга нагрузки и red-flag сигналы. | Оценивать текучесть, absenteeism, pulse surveys, переработки и сбои качества. | Отметить риск символических инициатив без изменения системы.","Хороший ответ фокусируется на организационном дизайне, а не на 'самопомощи' сотрудников.",уход в wellness-риторику | нет изменений в процессе работы | не хватает метрик
CMM-021,benchmark,education_social,civic_program,medium,Как городу увеличить участие жителей в раздельном сборе отходов?,"Контейнеры есть не везде, жители путаются в правилах, часть людей не доверяет, что отходы действительно сортируются дальше.",Нельзя полагаться только на штрафы | Нужно учитывать удобство для жителей | Важно показать реальную прозрачность процесса,,user | strategy | risk,waste | city | behavior_change | trust | operations,поведенческие и инфраструктурные барьеры | удобство участия | прозрачность и доверие | поэтапный подход | метрики,сегментация районов | пилотные зоны | простые коммуникации,True,True,True,True,True,False,"Разделить проблему на инфраструктуру, понятность правил и доверие к системе. | Сделать участие удобным: доступность контейнеров, понятная маркировка, простые сценарии. | Показать прозрачность дальнейшей переработки и результаты программы. | Запускать по районам и корректировать по обратной связи. | Измерять участие, contamination rate и доверие жителей.","Сильный ответ должен видеть, что проблема не только в 'осознанности', но и в удобстве и доверии.",морализаторство вместо дизайна системы | игнорирование доверия | нет операционной стороны
CMM-022,benchmark,education_social,education_program_design,hard,"Как community college построить программу адаптации взрослых слушателей, которые возвращаются к обучению после долгого перерыва?","У слушателей разный возраст, работа, семья и неуверенность в собственных учебных навыках. Колледж не может позволить себе дорогие индивидуальные программы для всех.",Нужно сочетать академическую и сервисную поддержку | Нельзя сделать программу чрезмерно ресурсоёмкой | Важно удержание и реальный прогресс слушателей,Education,user | strategy | risk | domain,adult_learning | adaptation | retention | support | program_design,барьеры взрослых слушателей | масштабируемая поддержка | учебная и организационная адаптация | метрики удержания и прогресса | риски стигматизации,orientation modules | peer cohorting | сервис one-stop support,True,True,True,True,True,False,"Выделить барьеры: тайм-менеджмент, цифровые навыки, тревожность, академическая неуверенность. | Сделать короткий адаптационный контур и понятную навигацию по сервисам. | Комбинировать групповую поддержку и targeted help для групп риска. | Отслеживать retention, completion, запросы помощи и удовлетворённость. | Указать риск стигматизации и перегрузки сервисов.","Важно показать понимание специфики взрослой аудитории, а не только универсальных мер поддержки.",смешение взрослой и традиционной студенческой аудитории | нет масштабируемости | общие советы без сервиса
CMM-023,benchmark,education_social,student_support,hard,"Как университету выстроить программу поддержки ментального здоровья студентов, если ресурсов мало, а запрос высокий?","На консультации длинные очереди. Студенты хотят быстрый доступ к помощи, но часть запросов требует профессионального сопровождения.",Нельзя обещать всем быструю индивидуальную терапию | Важно не перепутать низкорисковые и кризисные случаи | Нужен этичный и безопасный контур помощи,Education,risk | user | strategy | domain,mental_health | students | triage | support | resource_constraints,многоуровневая система поддержки | триаж/маршрутизация | границы сервиса | ресурсные ограничения | риски безопасности,peer support под надзором | self-help для низкорисковых кейсов | кризисные протоколы,True,True,True,True,False,False,"Развести уровни: self-help, группы, краткие консультации, кризисный маршрут. | Сделать triage и критерии эскалации к профессиональной помощи. | Ограничить обещания сервиса реальными ресурсами и SLA. | Подумать о конфиденциальности, очередях и риске пропуска кризисов. | Не подменять профессиональную помощь общими wellness-активностями.","Сильный ответ видит, что ключ — в маршрутизации и безопасных границах, а не в 'больше психологов'.",обещания недостижимого уровня сервиса | нет triage | смешение кризисной и некризисной помощи
CMM-024,benchmark,education_social,community_safety,medium,"Как району запустить инициативу по повышению чувства безопасности жителей, не скатываясь в чрезмерное наблюдение?","Жители жалуются на небезопасные зоны вечером. Часть местных лидеров предлагает массовое видеонаблюдение, другие опасаются вторжения в частную жизнь.","Нужно учитывать и реальную, и воспринимаемую безопасность | Нельзя делать ставку только на камеры | Нужен диалог с жителями",,risk | strategy | user,safety | privacy | community | urban | trust,альтернативы тотальному наблюдению | учёт восприятия жителей | баланс безопасности и приватности | участие сообщества | метрики/сигналы,"освещение, средовой дизайн, патрулирование, работа с маршрутами | пилотные зоны | механизм обратной связи",True,True,True,True,True,False,"Разделить источники риска: среда, социальные факторы, информация/коммуникация. | Рассмотреть средовые и организационные меры до усиления наблюдения. | Если технологии используются, чётко ограничить цель, данные и контроль. | Вовлечь жителей в определение проблемных точек и оценку эффекта. | Измерять обращения, субъективное чувство безопасности и побочные эффекты.","Хороший ответ показывает, что безопасность — это не только технологии слежения.",простое 'поставить камеры' | нет приватности и контроля | отсутствие community engagement
CMM-025,pilot,ethics_regulation,ai_governance,medium,"Можно ли использовать данные пользователей для обучения ИИ, если явного согласия на это не было?",Компания уже собрала много пользовательских данных для работы сервиса и хочет использовать их для внутреннего улучшения модели.,"Нужно учитывать не только юридический, но и этический аспект | Важно оценить риски доверия и репутации | Нужны варианты действий, а не только запрет/разрешение",Law,risk | user | strategy | domain,privacy | consent | ai_governance | ethics | trust,этический и правовой контур | риски доверия | варианты действий/альтернативы | ограничения на использование данных | принципы управления,де-идентификация | opt-in/opt-out | purpose limitation | data minimization,True,True,True,False,False,True,"Нельзя рассматривать отсутствие явного согласия как только техническую деталь; это вопрос доверия и правомерности. | Сравнить сценарии: не использовать, использовать только с дополнительными гарантиями, перевести на opt-in/notice/consent модель. | Обсудить минимизацию данных, де-идентификацию, ограничения целей и контроль доступа. | Показать репутационные и продуктовые последствия даже при формально допустимом сценарии. | Сделать вывод осторожным и условным, а не бинарным.","Ожидается сбалансированный, а не категоричный ответ; он должен видеть и доверие пользователей, и практику управления данными.",слишком бинарный ответ | игнорирование доверия | нет альтернативной политики использования данных
CMM-026,stress_test,ethics_regulation,medical_ai,hard,Стоит ли внедрять ИИ в медицинскую диагностику для первичного анализа снимков?,"Клиника хочет ускорить работу врачей, но опасается ошибок, смещения и юридической ответственности. Врачи не готовы передавать принятие решений алгоритму.","Нельзя рассматривать ИИ как полностью автономное решение | Нужно учесть качество, ответственность и workflow | Важно различать помощь врачу и замену врача",Medicine,risk | domain | strategy | engineering | user,medical_ai | diagnostics | responsibility | workflow | bias,роль ИИ как assistive tool vs autonomy | качество/валидация | ответственность и human oversight | встраивание в workflow | риски смещения и ложных решений,поэтапное внедрение | калибровка под локальные данные | мониторинг после запуска,True,True,True,True,True,True,"Определить узкий сценарий помощи врачу, а не замену решения врача. | Требовать валидацию на локальном контуре и мониторинг ошибок/смещения. | Продумать объяснимость, роль врача и фиксацию ответственности. | Запускать поэтапно и смотреть на workflow, а не только на метрику модели. | Указать клинические, юридические и репутационные риски.","Это стресс-тест на баланс пользы, безопасности, ответственности и ограничений внедрения.",технооптимизм | путаница между assistive и autonomous AI | слабая работа с ответственностью
CMM-027,stress_test,ethics_regulation,surveillance,hard,Стоит ли университету вводить систему распознавания лиц на кампусе для безопасности?,После нескольких инцидентов часть администрации требует усилить контроль доступа. Студенты и преподаватели опасаются постоянного наблюдения.,"Нужно учитывать безопасность, приватность и доверие | Нельзя исходить из того, что технология безошибочна | Важно рассмотреть альтернативы",Law,risk | user | strategy | domain,facial_recognition | campus | privacy | security | trust,альтернативы распознаванию лиц | риски ошибок и злоупотребления | приватность и trust | цели и границы применения | условия допустимости/недопустимости,data governance | retention policy | pilot with oversight | non-biometric options,True,True,True,False,False,True,"Сначала проверить, решает ли распознавание лиц реальную проблему лучше альтернатив. | Обсудить ошибки, дискриминацию, chilling effect и риск расширения целей системы. | Сравнить с небиометрическими мерами безопасности и организационными мерами. | Если вообще рассматривать внедрение — только при жёстких ограничениях, прозрачности и контроле. | Вывод должен быть условным и требовательным к governance.","Хороший ответ не должен быть ни технофобным, ни технооптимистичным — важен анализ условий и альтернатив.",сведение темы к 'безопасность важнее' | игнорирование альтернатив | недооценка chilling effect
CMM-028,stress_test,ethics_regulation,algorithmic_fairness,hard,Можно ли автоматизировать первичное одобрение кредитов с помощью модели машинного обучения?,"Банк хочет ускорить процесс рассмотрения заявок, но есть опасения по поводу дискриминации и непрозрачности причин отказа.","Нужно учитывать fairness, explainability и операционную эффективность | Нельзя полностью убрать человека из сложных случаев | Важно оценить продуктовые и регуляторные последствия",Finance,risk | domain | strategy | engineering | user,loan_approval | ml | fairness | explainability | banking,границы автоматизации | fairness/смещение | объяснимость и апелляция | human-in-the-loop | мониторинг и контроль,risk-based triage | manual review for edge cases | model governance,True,True,True,True,True,True,"Разделить полную автоматизацию и автоматизацию первичного скрининга/приоритизации. | Потребовать fairness checks, explainability и процесс оспаривания решений. | Оставить человека в сложных и спорных случаях. | Мониторить drift, false rejection, bias по группам и операционную выгоду. | Указать риск непрозрачной дискриминации и регуляторных последствий.","Это стресс-тест на способность предложить условно допустимую, а не радикальную архитектуру решения.",полярный ответ 'да/нет' | нет механизма апелляции | нет контроля fairness после запуска
CMM-029,stress_test,ethics_regulation,proctoring,hard,Нужно ли использовать автоматический онлайн-прокторинг на экзаменах в университете?,"Университет хочет снизить списывание на дистанционных экзаменах, но студенты жалуются на вторжение в личное пространство и ложные срабатывания.","Нельзя оценивать решение только по факту снижения списывания | Нужно рассмотреть fairness, стресс и доступность | Важно предложить альтернативы дизайна оценивания",Education,risk | user | domain | strategy,proctoring | education | fairness | privacy | assessment_design,плюсы и минусы прокторинга | ложные срабатывания и доступность | альтернативы оцениванию | влияние на доверие и стресс | условия ограниченного применения,open-book/alternative assessments | risk-based use | appeal process,True,True,True,False,False,True,"Не рассматривать прокторинг как единственный способ честной оценки. | Сравнить его с redesign оценивания: open-book, проектные и устные форматы. | Разобрать риски стресса, приватности, доступности и ложных обвинений. | Если применять — ограниченно, прозрачно и с процедурой апелляции. | Показать влияние на доверие студентов и культуру оценки.",Сильный ответ смотрит шире технологии и предлагает альтернативный assessment design.,чрезмерный фокус на контроле | нет альтернатив прокторингу | недооценка влияния на доверие и стресс
CMM-030,stress_test,ethics_regulation,workplace_monitoring,hard,Стоит ли компании внедрять ПО для постоянного мониторинга активности сотрудников на компьютере?,"Руководство считает, что это повысит дисциплину в удалённой работе. Сотрудники воспринимают идею как недоверие и вторжение в личное пространство.","Нужно учитывать и управленческий эффект, и культурные последствия | Важно рассмотреть менее инвазивные альтернативы | Нельзя путать видимость активности с реальной результативностью",Law,risk | user | strategy | domain,employee_monitoring | privacy | remote_work | culture | management,ограниченность ценности тотального мониторинга | культурные и правовые риски | альтернативы управлению по результату | условия допустимости/ограничения | побочные эффекты,цели и data minimization | прозрачность | role-based exceptions,True,True,True,False,False,True,"Критически оценить гипотезу, что мониторинг действительно повышает результативность. | Показать риски недоверия, обходного поведения и подмены результатов метриками активности. | Сравнить с альтернативами: ясные цели, ритмы управления, review outcomes. | Если часть мониторинга допустима — только под конкретные цели, прозрачно и минимально. | Вывод должен учитывать культуру, право и качество управления.",Хороший ответ отличает управление по результату от управления по суррогатным метрикам активности.,поверхностное 'это плохо' без альтернатив | нет анализа ложной продуктивности | нет культурного аспекта
CMM-031,pilot,domain_specific,finance_service,medium,"Как небольшому банку запустить сервис финансовой грамотности для пенсионеров так, чтобы он был полезным и не выглядел навязанной продажей продуктов?","Банк хочет повысить доверие и помочь клиентам лучше понимать цифровые сервисы, но опасается, что аудитория воспримет инициативу как маркетинговую ловушку.",Нужно учитывать низкую цифровую уверенность части аудитории | Нельзя строить сервис только вокруг продаж | Важно обеспечить понятность и доверие,Finance,user | domain | risk | strategy,finance | elderly | literacy | trust | service_design,ценность для аудитории | доверие и отсутствие скрытой продажи | каналы и формат доставки | риски цифровой уязвимости | метрики пользы,офлайн+онлайн формат | простые сценарии безопасности | партнёрства с сообществами,True,True,True,True,True,False,"Оттолкнуться от реальных болей: мошенничество, базовые цифровые операции, понимание условий услуг. | Отделить образовательный контур от продаж и сделать это заметным. | Использовать доверенные форматы: небольшие занятия, горячая линия, простые памятки. | Измерять не только охват, но и полезность, понимание и снижение ошибок/жалоб. | Указать риск патернализма и скрытого upsell.",Сильный ответ учитывает уязвимость аудитории и вопрос доверия к мотивам банка.,уход в маркетинг | нет работы с доверием | игнорирование цифровой уязвимости
CMM-032,benchmark,domain_specific,legal_tech,hard,"Как запустить юридического чатбота для арендаторов жилья так, чтобы он помогал, но не создавал опасное чувство ложной уверенности?","Организация хочет помочь людям понимать базовые права и типовые действия, но опасается неправильных советов в нестандартных ситуациях.","Нельзя выдавать инструмент за полноценную замену юриста | Нужно различать типовые и сложные случаи | Важно продумать дисклеймеры, маршрутизацию и качество контента",Law,domain | risk | user | engineering | strategy,legal_tech | chatbot | tenant_rights | misinformation | handoff,границы применения чатбота | типовые vs сложные кейсы | маршрут к человеку/организации | риски ложной уверенности | контроль качества контента,structured intake | template guidance | jurisdiction caveats | audit of answers,True,True,True,True,False,True,"Ограничить чатбот информационной и навигационной поддержкой по типовым кейсам. | Распознавать сигналы сложности/срочности и переводить пользователя к человеку. | Явно маркировать неопределённость и локальные правовые ограничения. | Построить процесс обновления контента и аудита рискованных ответов. | Не допускать UX, который создаёт иллюзию гарантированно точной юрконсультации.",Это хороший тест на роль доменного эксперта и управление рисками ложной уверенности.,слишком смелые советы | слабый handoff | нет различия типовых и сложных кейсов
CMM-033,benchmark,domain_specific,security_program,medium,"Как школе выстроить программу кибергигиены для учеников и сотрудников, чтобы она реально меняла поведение?",Ранее были фишинговые инциденты. Обычные разовые лекции почти ничего не изменили.,"Нельзя ограничиться одной презентацией в год | Нужно учитывать возраст учеников и перегрузку педагогов | Важно измерять поведение, а не только знание правил",Security,domain | risk | user | strategy,security_awareness | school | behavior_change | phishing | measurement,непрерывность программы | разные аудитории | поведенческие практики | метрики изменения поведения | риски формальности,simulations with care | micro-learning | incident reporting culture,True,True,False,True,True,False,"Разделить контент и практики для учеников, педагогов и администрации. | Сделать регулярные короткие интервенции вместо разовой лекции. | Связать обучение с конкретными сценариями: фишинг, пароли, сообщения об инцидентах. | Измерять не только знания, но и поведение: click rate, reporting rate, повторяемые ошибки. | Указать риск blame culture и перегрузки педагогов.","Сильный ответ ориентирован на изменение поведения и культуру безопасности, а не на формальный compliance.",разовые лекции как главное решение | нет поведенческих метрик | игнорирование разных аудиторий
CMM-034,benchmark,domain_specific,clinical_ai_service,hard,Как поликлинике запустить triage-чатбота для первичной маршрутизации пациентов без опасной недооценки симптомов?,"Клиника хочет разгрузить колл-центр и направлять пациентов быстрее, но опасается ошибок, ответственности и недоверия пользователей.",Чатбот не должен подменять врача | Нужны правила эскалации и тревожные симптомы | Важно учесть понятность для пациента,Medicine,domain | risk | user | engineering | strategy,triage | chatbot | healthcare | safety | routing,границы triage-чатбота | red flags и эскалация | понятность и инструкции пользователю | ответственность и логирование | риски пропуска тяжёлых случаев,fail-safe defaults | human review for uncertain cases | post-launch monitoring,True,True,True,True,True,True,"Ограничить систему маршрутизацией и справочной логикой, а не диагнозом. | Явно выделить симптомы-тревоги и немедленную эскалацию. | Делать ответы простыми, проверяемыми и с понятным следующим действием. | Логировать ошибки, uncertain cases и результаты маршрутизации. | Указать риск ложного успокоения и необходимость human safety net.",Это один из лучших кейсов для демонстрации преимуществ коллективной метамодерации над одиночным ответом.,слишком смелая автономия чатбота | недостаточная проработка red flags | слабая user-side понятность
CMM-035,benchmark,domain_specific,adaptive_learning,hard,"Как школьному округу внедрить адаптивную образовательную платформу так, чтобы она помогала учителям, а не подменяла их?","Руководство хочет персонализацию, но учителя боятся роста контроля и потери профессиональной автономии. Родители беспокоятся о данных детей.","Нужно учитывать роль учителя, данные и реальную учебную пользу | Нельзя оценивать платформу только по красивым дашбордам | Важно продумать пилот и критерии успеха",Education,domain | user | risk | strategy | engineering,adaptive_learning | schools | teacher_role | children_data | pilot,роль учителя в контуре | данные и приватность детей | критерии реальной учебной пользы | риски платформизации | пилотное внедрение,co-design with teachers | limited scope pilot | teacher-facing controls,True,True,True,True,True,True,"Описать платформу как инструмент поддержки учителя, а не замены педагогики. | Ограничить пилот по классам/предметам и определить учебные outcomes заранее. | Продумать минимизацию данных и прозрачность для родителей. | Вовлечь учителей в дизайн сценариев использования и интерпретацию данных. | Указать риск 'dashboards over learning' и роста недоверия персонала.","Сильный ответ учитывает педагогическую ценность, а не только ИТ-внедрение.",подмена педагогики платформой | игнорирование роли учителя | фокус на аналитике вместо learning outcomes
CMM-036,stress_test,domain_specific,public_integrity,hard,"Как муниципалитету использовать аналитическую систему для выявления возможных мошеннических закупок, не превращая её в источник необоснованных подозрений?","Город хочет выявлять аномалии в закупках, но опасается ложных срабатываний, политизации и давления на сотрудников.",Система не должна автоматически 'обвинять' людей | Нужны процедуры проверки и прозрачные критерии | Важно учесть управленческие и репутационные последствия,Law,risk | domain | strategy | engineering | user,procurement | fraud_detection | public_sector | false_positives | governance,границы аналитической системы | ложные срабатывания и human review | прозрачные критерии/процедуры | риски политизации и недоверия | роль аудита/контроля,risk scoring instead of hard decisions | case management workflow | documentation and accountability,True,True,True,True,True,True,"Использовать систему как инструмент сигнала риска, а не автоматического обвинения. | Предусмотреть human review, документирование проверки и процедуры эскалации. | Калибровать критерии и мониторить false positives/false negatives. | Продумать прозрачность, accountability и защиту от политического misuse. | Указать репутационные риски и влияние на культуру организации.",Это стресс-тест на зрелое governance-мышление и осторожную автоматизацию.,автоматизм подозрений | нет human review | игнорирование политизации и репутации
